origin_region,total_orders,under_count,avg_delta_days,under_rate_pct
Center,8053,2519,0.011921023221159815,31.28026822302248
North,1947,594,0.022085259373394967,30.508474576271187
