origin_region,destination_region,total_orders,under_count,avg_delta_days,under_rate_pct
Center,North,2429,766,0.02099629477151091,31.5356113627007
North,South,387,122,0.031007751937984496,31.52454780361757
North,North,578,182,0.015570934256055362,31.4878892733564
Center,South,1531,478,0.020248203788373612,31.22142390594383
Center,Center,4093,1275,0.0034204739799657954,31.150745174688492
North,Center,982,290,0.02240325865580448,29.531568228105908
