destination_region,total_orders,under_count,avg_delta_days,under_rate_pct
North,3007,948,0.019953441968739608,31.52643831060858
South,1918,600,0.022419186652763295,31.282586027111574
Center,5075,1565,0.007093596059113301,30.83743842364532
