origin_zip,total_orders,avg_delta,med_delta,std_delta,pct_under,pct_over,avg_delta_region,std_delta_region,z_score_delta
28969,1921,0.05361790733992712,0.0,1.0179322780416973,32.63925039042165,28.57886517438834,0.011921023221159815,1.0428508767026994,0.03998355378537447
59790,2039,0.016184404119666502,0.0,1.046623130718353,31.633153506620893,30.112800392349193,0.011921023221159815,1.0428508767026994,0.004088198028836783
48715,2103,-0.0009510223490252021,0.0,1.0689809694348824,30.955777460770328,31.336186400380413,0.011921023221159815,1.0428508767026994,-0.012343131561517244
20680,1990,-0.019095477386934675,0.0,1.0341757797485154,29.94974874371859,31.005025125628137,0.011921023221159815,1.0428508767026994,-0.029742028607352665
